Timestamp,AirCode,AirplaneModel,Passengers,FromAirport,ToAirport,DateTime,ItemType,Amount
11/01/24 09:57,UO901,Airbus A320,180,HKG,TYO,11/1/24 8:00,Cups,32.13
11/01/24 08:04,UO901,Airbus A320,180,HKG,TYO,11/1/24 8:00,Cups,10.39
11/01/24 08:05,UO901,Airbus A320,180,HKG,TYO,11/1/24 8:00,Cups,31.82
11/01/24 09:01,UO901,Airbus A320,180,HKG,TYO,11/1/24 8:00,Cups,28.43
11/01/24 09:45,UO901,Airbus A320,180,HKG,TYO,11/1/24 8:00,Cups,33.86
11/01/24 08:46,UO901,Airbus A320,180,HKG,TYO,11/1/24 8:00,Cups,4.61
11/01/24 09:55,UO901,Airbus A320,180,HKG,TYO,11/1/24 8:00,Cups,44.12
11/01/24 09:06,UO901,Airbus A320,180,HKG,TYO,11/1/24 8:00,Cups,51.31
11/01/24 09:27,UO901,Airbus A320,180,HKG,TYO,11/1/24 8:00,Cups,63.32
11/01/24 08:28,UO901,Airbus A320,180,HKG,TYO,11/1/24 8:00,Cutleries,3.23
11/01/24 09:19,UO901,Airbus A320,180,HKG,TYO,11/1/24 8:00,Cutleries,4.43
11/01/24 10:00,UO901,Airbus A320,180,HKG,TYO,11/1/24 8:00,Cutleries,2.93
11/01/24 09:43,UO901,Airbus A320,180,HKG,TYO,11/1/24 8:00,Cutleries,8.57
11/01/24 08:18,UO901,Airbus A320,180,HKG,TYO,11/1/24 8:00,Cutleries,1.42
11/01/24 08:47,UO901,Airbus A320,180,HKG,TYO,11/1/24 8:00,Cutleries,13.7
11/01/24 08:46,UO901,Airbus A320,180,HKG,TYO,11/1/24 8:00,Cutleries,12.33
11/01/24 08:17,UO901,Airbus A320,180,HKG,TYO,11/1/24 8:00,Cutleries,6.28
11/01/24 09:16,UO901,Airbus A320,180,HKG,TYO,11/1/24 8:00,Cutleries,15.8
11/01/24 09:03,UO901,Airbus A320,180,HKG,TYO,11/1/24 8:00,Cutleries,81.31
11/01/24 08:24,UO901,Airbus A320,180,HKG,TYO,11/1/24 8:00,Food Waste (kg),2.59
11/01/24 09:02,UO901,Airbus A320,180,HKG,TYO,11/1/24 8:00,Food Waste (kg),1.94
11/01/24 08:32,UO901,Airbus A320,180,HKG,TYO,11/1/24 8:00,Food Waste (kg),4.56
11/01/24 08:28,UO901,Airbus A320,180,HKG,TYO,11/1/24 8:00,Food Waste (kg),1.12
11/01/24 08:23,UO901,Airbus A320,180,HKG,TYO,11/1/24 8:00,Food Waste (kg),4.5
11/01/24 10:00,UO901,Airbus A320,180,HKG,TYO,11/1/24 8:00,Food Waste (kg),1.7
11/01/24 08:50,UO901,Airbus A320,180,HKG,TYO,11/1/24 8:00,Food Waste (kg),5.9
11/01/24 09:43,UO901,Airbus A320,180,HKG,TYO,11/1/24 8:00,Food Waste (kg),2.03
11/01/24 08:31,UO901,Airbus A320,180,HKG,TYO,11/1/24 8:00,Food Waste (kg),6.42
11/01/24 08:22,UO901,Airbus A320,180,HKG,TYO,11/1/24 8:00,Food Waste (kg),14.24
11/01/24 09:16,UO901,Airbus A320,180,HKG,TYO,11/1/24 8:00,Liquid (L),3.59
11/01/24 09:11,UO901,Airbus A320,180,HKG,TYO,11/1/24 8:00,Liquid (L),5.94
11/01/24 08:18,UO901,Airbus A320,180,HKG,TYO,11/1/24 8:00,Liquid (L),3.4
11/01/24 08:57,UO901,Airbus A320,180,HKG,TYO,11/1/24 8:00,Liquid (L),6.73
11/01/24 09:47,UO901,Airbus A320,180,HKG,TYO,11/1/24 8:00,Liquid (L),6.88
11/01/24 08:41,UO901,Airbus A320,180,HKG,TYO,11/1/24 8:00,Liquid (L),8.45
11/01/24 09:24,UO901,Airbus A320,180,HKG,TYO,11/1/24 8:00,One-time Food Containers,5.0
11/01/24 08:32,UO901,Airbus A320,180,HKG,TYO,11/1/24 8:00,One-time Food Containers,10.02
11/01/24 08:54,UO901,Airbus A320,180,HKG,TYO,11/1/24 8:00,One-time Food Containers,16.81
11/01/24 08:41,UO901,Airbus A320,180,HKG,TYO,11/1/24 8:00,One-time Food Containers,13.32
11/01/24 08:34,UO901,Airbus A320,180,HKG,TYO,11/1/24 8:00,One-time Food Containers,9.61
11/01/24 08:52,UO901,Airbus A320,180,HKG,TYO,11/1/24 8:00,One-time Food Containers,10.98
11/01/24 08:12,UO901,Airbus A320,180,HKG,TYO,11/1/24 8:00,One-time Food Containers,10.31
11/01/24 08:49,UO901,Airbus A320,180,HKG,TYO,11/1/24 8:00,One-time Food Containers,20.71
11/01/24 08:38,UO901,Airbus A320,180,HKG,TYO,11/1/24 8:00,One-time Food Containers,53.22
11/01/24 09:06,UO901,Airbus A320,180,HKG,TYO,11/1/24 8:00,Aluminum Cans,6.11
11/01/24 08:00,UO901,Airbus A320,180,HKG,TYO,11/1/24 8:00,Aluminum Cans,4.93
11/01/24 08:50,UO901,Airbus A320,180,HKG,TYO,11/1/24 8:00,Aluminum Cans,4.88
11/01/24 08:48,UO901,Airbus A320,180,HKG,TYO,11/1/24 8:00,Aluminum Cans,9.38
11/01/24 08:50,UO901,Airbus A320,180,HKG,TYO,11/1/24 8:00,Aluminum Cans,5.96
11/01/24 08:53,UO901,Airbus A320,180,HKG,TYO,11/1/24 8:00,Aluminum Cans,8.54
11/01/24 09:49,UO901,Airbus A320,180,HKG,TYO,11/1/24 8:00,Aluminum Cans,11.49
11/01/24 09:13,UO901,Airbus A320,180,HKG,TYO,11/1/24 8:00,Aluminum Cans,28.71
11/01/24 09:41,UO901,Airbus A320,180,HKG,TYO,11/1/24 8:00,Non-recyclable Waste (kg),4.81
11/01/24 08:47,UO901,Airbus A320,180,HKG,TYO,11/1/24 8:00,Non-recyclable Waste (kg),6.96
11/01/24 08:20,UO901,Airbus A320,180,HKG,TYO,11/1/24 8:00,Non-recyclable Waste (kg),3.76
11/01/24 08:04,UO901,Airbus A320,180,HKG,TYO,11/1/24 8:00,Non-recyclable Waste (kg),2.77
11/01/24 08:27,UO901,Airbus A320,180,HKG,TYO,11/1/24 8:00,Non-recyclable Waste (kg),3.27
11/01/24 08:23,UO901,Airbus A320,180,HKG,TYO,11/1/24 8:00,Non-recyclable Waste (kg),12.7
11/01/24 09:23,UO901,Airbus A320,180,HKG,TYO,11/1/24 8:00,Non-recyclable Waste (kg),12.75
11/01/24 09:24,UO901,Airbus A320,180,HKG,TYO,11/1/24 8:00,Non-recyclable Waste (kg),12.98
11/01/24 09:39,UO902,Airbus A320,159,TYO,TPE,11/1/24 9:30,Cups,21.48
11/01/24 10:36,UO902,Airbus A320,159,TYO,TPE,11/1/24 9:30,Cups,15.13
11/01/24 10:23,UO902,Airbus A320,159,TYO,TPE,11/1/24 9:30,Cups,23.81
11/01/24 09:33,UO902,Airbus A320,159,TYO,TPE,11/1/24 9:30,Cups,29.6
11/01/24 11:28,UO902,Airbus A320,159,TYO,TPE,11/1/24 9:30,Cups,32.27
11/01/24 10:38,UO902,Airbus A320,159,TYO,TPE,11/1/24 9:30,Cups,31.14
11/01/24 10:38,UO902,Airbus A320,159,TYO,TPE,11/1/24 9:30,Cups,6.22
11/01/24 11:14,UO902,Airbus A320,159,TYO,TPE,11/1/24 9:30,Cups,10.42
11/01/24 09:30,UO902,Airbus A320,159,TYO,TPE,11/1/24 9:30,Cups,8.64
11/01/24 11:20,UO902,Airbus A320,159,TYO,TPE,11/1/24 9:30,Cups,181.31
11/01/24 10:59,UO902,Airbus A320,159,TYO,TPE,11/1/24 9:30,Cutleries,9.14
11/01/24 10:19,UO902,Airbus A320,159,TYO,TPE,11/1/24 9:30,Cutleries,34.1
11/01/24 09:52,UO902,Airbus A320,159,TYO,TPE,11/1/24 9:30,Cutleries,16.39
11/01/24 11:00,UO902,Airbus A320,159,TYO,TPE,11/1/24 9:30,Cutleries,14.88
11/01/24 10:29,UO902,Airbus A320,159,TYO,TPE,11/1/24 9:30,Cutleries,105.48
11/01/24 09:49,UO902,Airbus A320,159,TYO,TPE,11/1/24 9:30,Food Waste (kg),2.79
11/01/24 10:31,UO902,Airbus A320,159,TYO,TPE,11/1/24 9:30,Food Waste (kg),6.04
11/01/24 10:29,UO902,Airbus A320,159,TYO,TPE,11/1/24 9:30,Food Waste (kg),5.61
11/01/24 09:58,UO902,Airbus A320,159,TYO,TPE,11/1/24 9:30,Food Waste (kg),1.83
11/01/24 10:58,UO902,Airbus A320,159,TYO,TPE,11/1/24 9:30,Food Waste (kg),1.33
11/01/24 11:13,UO902,Airbus A320,159,TYO,TPE,11/1/24 9:30,Food Waste (kg),3.35
11/01/24 11:11,UO902,Airbus A320,159,TYO,TPE,11/1/24 9:30,Food Waste (kg),6.21
11/01/24 10:20,UO902,Airbus A320,159,TYO,TPE,11/1/24 9:30,Food Waste (kg),10.73
11/01/24 10:09,UO902,Airbus A320,159,TYO,TPE,11/1/24 9:30,Food Waste (kg),14.11
11/01/24 09:57,UO902,Airbus A320,159,TYO,TPE,11/1/24 9:30,Liquid (L),1.94
11/01/24 09:53,UO902,Airbus A320,159,TYO,TPE,11/1/24 9:30,Liquid (L),1.59
11/01/24 10:32,UO902,Airbus A320,159,TYO,TPE,11/1/24 9:30,Liquid (L),1.77
11/01/24 10:54,UO902,Airbus A320,159,TYO,TPE,11/1/24 9:30,Liquid (L),3.39
11/01/24 11:16,UO902,Airbus A320,159,TYO,TPE,11/1/24 9:30,Liquid (L),4.72
11/01/24 10:32,UO902,Airbus A320,159,TYO,TPE,11/1/24 9:30,Liquid (L),2.79
11/01/24 11:05,UO902,Airbus A320,159,TYO,TPE,11/1/24 9:30,Liquid (L),4.78
11/01/24 11:01,UO902,Airbus A320,159,TYO,TPE,11/1/24 9:30,Liquid (L),5.55
11/01/24 11:09,UO902,Airbus A320,159,TYO,TPE,11/1/24 9:30,Liquid (L),2.31
11/01/24 10:33,UO902,Airbus A320,159,TYO,TPE,11/1/24 9:30,Liquid (L),11.16
11/01/24 10:44,UO902,Airbus A320,159,TYO,TPE,11/1/24 9:30,One-time Food Containers,24.68
11/01/24 10:44,UO902,Airbus A320,159,TYO,TPE,11/1/24 9:30,One-time Food Containers,17.62
11/01/24 10:25,UO902,Airbus A320,159,TYO,TPE,11/1/24 9:30,One-time Food Containers,21.55
11/01/24 09:42,UO902,Airbus A320,159,TYO,TPE,11/1/24 9:30,One-time Food Containers,17.07
11/01/24 10:50,UO902,Airbus A320,159,TYO,TPE,11/1/24 9:30,One-time Food Containers,9.75
11/01/24 09:51,UO902,Airbus A320,159,TYO,TPE,11/1/24 9:30,One-time Food Containers,22.39
11/01/24 10:10,UO902,Airbus A320,159,TYO,TPE,11/1/24 9:30,One-time Food Containers,66.94
11/01/24 11:16,UO902,Airbus A320,159,TYO,TPE,11/1/24 9:30,Aluminum Cans,3.41
11/01/24 10:26,UO902,Airbus A320,159,TYO,TPE,11/1/24 9:30,Aluminum Cans,9.6
11/01/24 11:12,UO902,Airbus A320,159,TYO,TPE,11/1/24 9:30,Aluminum Cans,5.97
11/01/24 09:33,UO902,Airbus A320,159,TYO,TPE,11/1/24 9:30,Aluminum Cans,3.96
11/01/24 10:14,UO902,Airbus A320,159,TYO,TPE,11/1/24 9:30,Aluminum Cans,8.02
11/01/24 10:00,UO902,Airbus A320,159,TYO,TPE,11/1/24 9:30,Aluminum Cans,4.06
11/01/24 10:56,UO902,Airbus A320,159,TYO,TPE,11/1/24 9:30,Aluminum Cans,19.11
11/01/24 09:42,UO902,Airbus A320,159,TYO,TPE,11/1/24 9:30,Aluminum Cans,35.87
11/01/24 11:02,UO902,Airbus A320,159,TYO,TPE,11/1/24 9:30,Non-recyclable Waste (kg),3.35
11/01/24 10:19,UO902,Airbus A320,159,TYO,TPE,11/1/24 9:30,Non-recyclable Waste (kg),16.15
11/01/24 10:11,UO902,Airbus A320,159,TYO,TPE,11/1/24 9:30,Non-recyclable Waste (kg),5.97
11/01/24 09:47,UO902,Airbus A320,159,TYO,TPE,11/1/24 9:30,Non-recyclable Waste (kg),10.07
11/01/24 11:09,UO902,Airbus A320,159,TYO,TPE,11/1/24 9:30,Non-recyclable Waste (kg),34.46
11/01/24 13:14,UO903,Airbus A320,180,TPE,HKG,11/1/24 12:30,Cups,2.42
11/01/24 13:54,UO903,Airbus A320,180,TPE,HKG,11/1/24 12:30,Cups,68.06
11/01/24 13:13,UO903,Airbus A320,180,TPE,HKG,11/1/24 12:30,Cups,88.35
11/01/24 13:39,UO903,Airbus A320,180,TPE,HKG,11/1/24 12:30,Cups,11.76
11/01/24 14:30,UO903,Airbus A320,180,TPE,HKG,11/1/24 12:30,Cups,529.41
11/01/24 14:19,UO903,Airbus A320,180,TPE,HKG,11/1/24 12:30,Cutleries,13.79
11/01/24 12:37,UO903,Airbus A320,180,TPE,HKG,11/1/24 12:30,Cutleries,5.32
11/01/24 14:09,UO903,Airbus A320,180,TPE,HKG,11/1/24 12:30,Cutleries,48.09
11/01/24 13:15,UO903,Airbus A320,180,TPE,HKG,11/1/24 12:30,Cutleries,47.17
11/01/24 12:33,UO903,Airbus A320,180,TPE,HKG,11/1/24 12:30,Cutleries,21.97
11/01/24 13:09,UO903,Airbus A320,180,TPE,HKG,11/1/24 12:30,Cutleries,59.18
11/01/24 14:29,UO903,Airbus A320,180,TPE,HKG,11/1/24 12:30,Cutleries,154.48
11/01/24 13:22,UO903,Airbus A320,180,TPE,HKG,11/1/24 12:30,Food Waste (kg),3.56
11/01/24 14:22,UO903,Airbus A320,180,TPE,HKG,11/1/24 12:30,Food Waste (kg),16.0
11/01/24 13:49,UO903,Airbus A320,180,TPE,HKG,11/1/24 12:30,Food Waste (kg),26.05
11/01/24 12:43,UO903,Airbus A320,180,TPE,HKG,11/1/24 12:30,Food Waste (kg),12.85
11/01/24 13:41,UO903,Airbus A320,180,TPE,HKG,11/1/24 12:30,Food Waste (kg),61.53
11/01/24 13:10,UO903,Airbus A320,180,TPE,HKG,11/1/24 12:30,Liquid (L),14.69
11/01/24 13:21,UO903,Airbus A320,180,TPE,HKG,11/1/24 12:30,Liquid (L),4.34
11/01/24 13:39,UO903,Airbus A320,180,TPE,HKG,11/1/24 12:30,Liquid (L),14.32
11/01/24 13:17,UO903,Airbus A320,180,TPE,HKG,11/1/24 12:30,Liquid (L),2.89
11/01/24 12:44,UO903,Airbus A320,180,TPE,HKG,11/1/24 12:30,Liquid (L),7.09
11/01/24 14:01,UO903,Airbus A320,180,TPE,HKG,11/1/24 12:30,Liquid (L),46.67
11/01/24 14:23,UO903,Airbus A320,180,TPE,HKG,11/1/24 12:30,One-time Food Containers,9.09
11/01/24 13:22,UO903,Airbus A320,180,TPE,HKG,11/1/24 12:30,One-time Food Containers,6.25
11/01/24 13:12,UO903,Airbus A320,180,TPE,HKG,11/1/24 12:30,One-time Food Containers,6.7
11/01/24 14:30,UO903,Airbus A320,180,TPE,HKG,11/1/24 12:30,One-time Food Containers,26.37
11/01/24 12:35,UO903,Airbus A320,180,TPE,HKG,11/1/24 12:30,One-time Food Containers,7.71
11/01/24 14:28,UO903,Airbus A320,180,TPE,HKG,11/1/24 12:30,One-time Food Containers,37.74
11/01/24 14:12,UO903,Airbus A320,180,TPE,HKG,11/1/24 12:30,One-time Food Containers,64.69
11/01/24 12:46,UO903,Airbus A320,180,TPE,HKG,11/1/24 12:30,One-time Food Containers,83.7
11/01/24 13:35,UO903,Airbus A320,180,TPE,HKG,11/1/24 12:30,One-time Food Containers,107.75
11/01/24 12:41,UO903,Airbus A320,180,TPE,HKG,11/1/24 12:30,Aluminum Cans,3.93
11/01/24 12:47,UO903,Airbus A320,180,TPE,HKG,11/1/24 12:30,Aluminum Cans,2.0
11/01/24 13:16,UO903,Airbus A320,180,TPE,HKG,11/1/24 12:30,Aluminum Cans,20.0
11/01/24 13:25,UO903,Airbus A320,180,TPE,HKG,11/1/24 12:30,Aluminum Cans,28.37
11/01/24 14:00,UO903,Airbus A320,180,TPE,HKG,11/1/24 12:30,Aluminum Cans,20.53
11/01/24 13:49,UO903,Airbus A320,180,TPE,HKG,11/1/24 12:30,Aluminum Cans,30.51
11/01/24 14:21,UO903,Airbus A320,180,TPE,HKG,11/1/24 12:30,Aluminum Cans,84.66
11/01/24 14:20,UO903,Airbus A320,180,TPE,HKG,11/1/24 12:30,Non-recyclable Waste (kg),4.5
11/01/24 13:56,UO903,Airbus A320,180,TPE,HKG,11/1/24 12:30,Non-recyclable Waste (kg),5.56
11/01/24 12:34,UO903,Airbus A320,180,TPE,HKG,11/1/24 12:30,Non-recyclable Waste (kg),21.46
11/01/24 13:10,UO903,Airbus A320,180,TPE,HKG,11/1/24 12:30,Non-recyclable Waste (kg),35.91
11/01/24 13:52,UO903,Airbus A320,180,TPE,HKG,11/1/24 12:30,Non-recyclable Waste (kg),6.95
11/01/24 12:48,UO903,Airbus A320,180,TPE,HKG,11/1/24 12:30,Non-recyclable Waste (kg),75.61
11/02/24 08:59,UO901,Airbus A320,138,DFW,DEN,11/2/24 8:00,Cups,2.26
11/02/24 08:19,UO901,Airbus A320,138,DFW,DEN,11/2/24 8:00,Cups,36.75
11/02/24 09:15,UO901,Airbus A320,138,DFW,DEN,11/2/24 8:00,Cups,9.1
11/02/24 09:54,UO901,Airbus A320,138,DFW,DEN,11/2/24 8:00,Cups,9.04
11/02/24 08:48,UO901,Airbus A320,138,DFW,DEN,11/2/24 8:00,Cups,26.1
11/02/24 08:52,UO901,Airbus A320,138,DFW,DEN,11/2/24 8:00,Cups,23.95
11/02/24 09:46,UO901,Airbus A320,138,DFW,DEN,11/2/24 8:00,Cups,70.87
11/02/24 08:08,UO901,Airbus A320,138,DFW,DEN,11/2/24 8:00,Cups,22.83
11/02/24 08:10,UO901,Airbus A320,138,DFW,DEN,11/2/24 8:00,Cups,25.83
11/02/24 09:39,UO901,Airbus A320,138,DFW,DEN,11/2/24 8:00,Cups,173.28
11/02/24 09:23,UO901,Airbus A320,138,DFW,DEN,11/2/24 8:00,Cutleries,10.9
11/02/24 08:16,UO901,Airbus A320,138,DFW,DEN,11/2/24 8:00,Cutleries,7.85
11/02/24 08:59,UO901,Airbus A320,138,DFW,DEN,11/2/24 8:00,Cutleries,24.69
11/02/24 08:54,UO901,Airbus A320,138,DFW,DEN,11/2/24 8:00,Cutleries,4.41
11/02/24 08:49,UO901,Airbus A320,138,DFW,DEN,11/2/24 8:00,Cutleries,3.96
11/02/24 08:11,UO901,Airbus A320,138,DFW,DEN,11/2/24 8:00,Cutleries,148.2
11/02/24 09:17,UO901,Airbus A320,138,DFW,DEN,11/2/24 8:00,Food Waste (kg),9.41
11/02/24 09:43,UO901,Airbus A320,138,DFW,DEN,11/2/24 8:00,Food Waste (kg),8.79
11/02/24 08:31,UO901,Airbus A320,138,DFW,DEN,11/2/24 8:00,Food Waste (kg),13.45
11/02/24 09:21,UO901,Airbus A320,138,DFW,DEN,11/2/24 8:00,Food Waste (kg),1.84
11/02/24 08:23,UO901,Airbus A320,138,DFW,DEN,11/2/24 8:00,Food Waste (kg),26.51
11/02/24 08:16,UO901,Airbus A320,138,DFW,DEN,11/2/24 8:00,Liquid (L),3.29
11/02/24 09:09,UO901,Airbus A320,138,DFW,DEN,11/2/24 8:00,Liquid (L),5.12
11/02/24 09:29,UO901,Airbus A320,138,DFW,DEN,11/2/24 8:00,Liquid (L),4.67
11/02/24 09:00,UO901,Airbus A320,138,DFW,DEN,11/2/24 8:00,Liquid (L),5.1
11/02/24 08:36,UO901,Airbus A320,138,DFW,DEN,11/2/24 8:00,Liquid (L),1.52
11/02/24 08:53,UO901,Airbus A320,138,DFW,DEN,11/2/24 8:00,Liquid (L),4.4
11/02/24 09:20,UO901,Airbus A320,138,DFW,DEN,11/2/24 8:00,Liquid (L),1.67
11/02/24 08:07,UO901,Airbus A320,138,DFW,DEN,11/2/24 8:00,Liquid (L),2.92
11/02/24 09:13,UO901,Airbus A320,138,DFW,DEN,11/2/24 8:00,Liquid (L),1.32
11/02/24 09:42,UO901,Airbus A320,138,DFW,DEN,11/2/24 8:00,Liquid (L),19.98
11/02/24 08:59,UO901,Airbus A320,138,DFW,DEN,11/2/24 8:00,One-time Food Containers,14.15
11/02/24 08:00,UO901,Airbus A320,138,DFW,DEN,11/2/24 8:00,One-time Food Containers,25.29
11/02/24 09:15,UO901,Airbus A320,138,DFW,DEN,11/2/24 8:00,One-time Food Containers,3.33
11/02/24 09:47,UO901,Airbus A320,138,DFW,DEN,11/2/24 8:00,One-time Food Containers,3.57
11/02/24 09:24,UO901,Airbus A320,138,DFW,DEN,11/2/24 8:00,One-time Food Containers,10.6
11/02/24 09:51,UO901,Airbus A320,138,DFW,DEN,11/2/24 8:00,One-time Food Containers,93.06
11/02/24 08:03,UO901,Airbus A320,138,DFW,DEN,11/2/24 8:00,Aluminum Cans,7.41
11/02/24 09:04,UO901,Airbus A320,138,DFW,DEN,11/2/24 8:00,Aluminum Cans,1.56
11/02/24 08:47,UO901,Airbus A320,138,DFW,DEN,11/2/24 8:00,Aluminum Cans,6.94
11/02/24 09:06,UO901,Airbus A320,138,DFW,DEN,11/2/24 8:00,Aluminum Cans,5.86
11/02/24 08:46,UO901,Airbus A320,138,DFW,DEN,11/2/24 8:00,Aluminum Cans,16.99
11/02/24 08:10,UO901,Airbus A320,138,DFW,DEN,11/2/24 8:00,Aluminum Cans,61.24
11/02/24 09:56,UO901,Airbus A320,138,DFW,DEN,11/2/24 8:00,Non-recyclable Waste (kg),11.38
11/02/24 08:40,UO901,Airbus A320,138,DFW,DEN,11/2/24 8:00,Non-recyclable Waste (kg),12.23
11/02/24 09:44,UO901,Airbus A320,138,DFW,DEN,11/2/24 8:00,Non-recyclable Waste (kg),13.95
11/02/24 08:57,UO901,Airbus A320,138,DFW,DEN,11/2/24 8:00,Non-recyclable Waste (kg),1.36
11/02/24 08:54,UO901,Airbus A320,138,DFW,DEN,11/2/24 8:00,Non-recyclable Waste (kg),8.93
11/02/24 08:22,UO901,Airbus A320,138,DFW,DEN,11/2/24 8:00,Non-recyclable Waste (kg),32.15
11/02/24 11:03,UO902,Airbus A320,180,DXB,LHR,11/2/24 9:30,Cups,7.02
11/02/24 10:14,UO902,Airbus A320,180,DXB,LHR,11/2/24 9:30,Cups,11.75
11/02/24 11:11,UO902,Airbus A320,180,DXB,LHR,11/2/24 9:30,Cups,104.01
11/02/24 11:01,UO902,Airbus A320,180,DXB,LHR,11/2/24 9:30,Cups,72.26
11/02/24 10:48,UO902,Airbus A320,180,DXB,LHR,11/2/24 9:30,Cups,62.52
11/02/24 09:51,UO902,Airbus A320,180,DXB,LHR,11/2/24 9:30,Cups,103.08
11/02/24 10:28,UO902,Airbus A320,180,DXB,LHR,11/2/24 9:30,Cups,56.18
11/02/24 10:45,UO902,Airbus A320,180,DXB,LHR,11/2/24 9:30,Cups,63.34
11/02/24 10:29,UO902,Airbus A320,180,DXB,LHR,11/2/24 9:30,Cups,74.59
11/02/24 10:23,UO902,Airbus A320,180,DXB,LHR,11/2/24 9:30,Cups,445.26
11/02/24 10:41,UO902,Airbus A320,180,DXB,LHR,11/2/24 9:30,Cutleries,42.09
11/02/24 09:46,UO902,Airbus A320,180,DXB,LHR,11/2/24 9:30,Cutleries,19.75
11/02/24 09:49,UO902,Airbus A320,180,DXB,LHR,11/2/24 9:30,Cutleries,81.7
11/02/24 10:01,UO902,Airbus A320,180,DXB,LHR,11/2/24 9:30,Cutleries,116.13
11/02/24 10:51,UO902,Airbus A320,180,DXB,LHR,11/2/24 9:30,Cutleries,68.37
11/02/24 09:40,UO902,Airbus A320,180,DXB,LHR,11/2/24 9:30,Cutleries,171.95
11/02/24 09:32,UO902,Airbus A320,180,DXB,LHR,11/2/24 9:30,Food Waste (kg),33.46
11/02/24 11:15,UO902,Airbus A320,180,DXB,LHR,11/2/24 9:30,Food Waste (kg),8.56
11/02/24 09:53,UO902,Airbus A320,180,DXB,LHR,11/2/24 9:30,Food Waste (kg),12.38
11/02/24 10:45,UO902,Airbus A320,180,DXB,LHR,11/2/24 9:30,Food Waste (kg),46.33
11/02/24 09:44,UO902,Airbus A320,180,DXB,LHR,11/2/24 9:30,Food Waste (kg),99.28
11/02/24 10:49,UO902,Airbus A320,180,DXB,LHR,11/2/24 9:30,Liquid (L),11.92
11/02/24 10:57,UO902,Airbus A320,180,DXB,LHR,11/2/24 9:30,Liquid (L),8.72
11/02/24 10:15,UO902,Airbus A320,180,DXB,LHR,11/2/24 9:30,Liquid (L),20.04
11/02/24 09:31,UO902,Airbus A320,180,DXB,LHR,11/2/24 9:30,Liquid (L),15.18
11/02/24 11:21,UO902,Airbus A320,180,DXB,LHR,11/2/24 9:30,Liquid (L),22.84
11/02/24 10:41,UO902,Airbus A320,180,DXB,LHR,11/2/24 9:30,Liquid (L),8.83
11/02/24 11:13,UO902,Airbus A320,180,DXB,LHR,11/2/24 9:30,Liquid (L),4.75
11/02/24 10:04,UO902,Airbus A320,180,DXB,LHR,11/2/24 9:30,Liquid (L),57.72
11/02/24 09:56,UO902,Airbus A320,180,DXB,LHR,11/2/24 9:30,One-time Food Containers,1.92
11/02/24 10:13,UO902,Airbus A320,180,DXB,LHR,11/2/24 9:30,One-time Food Containers,10.3
11/02/24 10:26,UO902,Airbus A320,180,DXB,LHR,11/2/24 9:30,One-time Food Containers,14.17
11/02/24 11:05,UO902,Airbus A320,180,DXB,LHR,11/2/24 9:30,One-time Food Containers,4.79
11/02/24 09:43,UO902,Airbus A320,180,DXB,LHR,11/2/24 9:30,One-time Food Containers,14.84
11/02/24 10:08,UO902,Airbus A320,180,DXB,LHR,11/2/24 9:30,One-time Food Containers,33.98
11/02/24 09:40,UO902,Airbus A320,180,DXB,LHR,11/2/24 9:30,Aluminum Cans,37.91
11/02/24 11:27,UO902,Airbus A320,180,DXB,LHR,11/2/24 9:30,Aluminum Cans,3.72
11/02/24 10:37,UO902,Airbus A320,180,DXB,LHR,11/2/24 9:30,Aluminum Cans,13.12
11/02/24 10:26,UO902,Airbus A320,180,DXB,LHR,11/2/24 9:30,Aluminum Cans,14.09
11/02/24 10:52,UO902,Airbus A320,180,DXB,LHR,11/2/24 9:30,Aluminum Cans,181.16
11/02/24 10:42,UO902,Airbus A320,180,DXB,LHR,11/2/24 9:30,Non-recyclable Waste (kg),7.65
11/02/24 10:13,UO902,Airbus A320,180,DXB,LHR,11/2/24 9:30,Non-recyclable Waste (kg),29.15
11/02/24 10:48,UO902,Airbus A320,180,DXB,LHR,11/2/24 9:30,Non-recyclable Waste (kg),29.68
11/02/24 11:11,UO902,Airbus A320,180,DXB,LHR,11/2/24 9:30,Non-recyclable Waste (kg),25.05
11/02/24 10:45,UO902,Airbus A320,180,DXB,LHR,11/2/24 9:30,Non-recyclable Waste (kg),25.93
11/02/24 10:06,UO902,Airbus A320,180,DXB,LHR,11/2/24 9:30,Non-recyclable Waste (kg),24.46
11/02/24 09:55,UO902,Airbus A320,180,DXB,LHR,11/2/24 9:30,Non-recyclable Waste (kg),28.56
11/02/24 10:54,UO902,Airbus A320,180,DXB,LHR,11/2/24 9:30,Non-recyclable Waste (kg),49.5
11/02/24 12:56,UO903,Airbus A320,154,CDG,JFK,11/2/24 12:30,Cups,44.58
11/02/24 13:04,UO903,Airbus A320,154,CDG,JFK,11/2/24 12:30,Cups,53.54
11/02/24 13:16,UO903,Airbus A320,154,CDG,JFK,11/2/24 12:30,Cups,31.1
11/02/24 14:21,UO903,Airbus A320,154,CDG,JFK,11/2/24 12:30,Cups,12.35
11/02/24 13:28,UO903,Airbus A320,154,CDG,JFK,11/2/24 12:30,Cups,4.02
11/02/24 13:09,UO903,Airbus A320,154,CDG,JFK,11/2/24 12:30,Cups,294.41
11/02/24 13:50,UO903,Airbus A320,154,CDG,JFK,11/2/24 12:30,Cutleries,29.54
11/02/24 13:04,UO903,Airbus A320,154,CDG,JFK,11/2/24 12:30,Cutleries,7.1
11/02/24 12:59,UO903,Airbus A320,154,CDG,JFK,11/2/24 12:30,Cutleries,5.28
11/02/24 13:18,UO903,Airbus A320,154,CDG,JFK,11/2/24 12:30,Cutleries,19.38
11/02/24 13:46,UO903,Airbus A320,154,CDG,JFK,11/2/24 12:30,Cutleries,16.97
11/02/24 12:48,UO903,Airbus A320,154,CDG,JFK,11/2/24 12:30,Cutleries,15.13
11/02/24 13:45,UO903,Airbus A320,154,CDG,JFK,11/2/24 12:30,Cutleries,126.59
11/02/24 13:17,UO903,Airbus A320,154,CDG,JFK,11/2/24 12:30,Food Waste (kg),5.95
11/02/24 12:58,UO903,Airbus A320,154,CDG,JFK,11/2/24 12:30,Food Waste (kg),5.7
11/02/24 12:55,UO903,Airbus A320,154,CDG,JFK,11/2/24 12:30,Food Waste (kg),5.56
11/02/24 13:58,UO903,Airbus A320,154,CDG,JFK,11/2/24 12:30,Food Waste (kg),5.9
11/02/24 13:54,UO903,Airbus A320,154,CDG,JFK,11/2/24 12:30,Food Waste (kg),4.01
11/02/24 12:54,UO903,Airbus A320,154,CDG,JFK,11/2/24 12:30,Food Waste (kg),2.9
11/02/24 14:03,UO903,Airbus A320,154,CDG,JFK,11/2/24 12:30,Food Waste (kg),8.67
11/02/24 14:06,UO903,Airbus A320,154,CDG,JFK,11/2/24 12:30,Food Waste (kg),7.42
11/02/24 14:18,UO903,Airbus A320,154,CDG,JFK,11/2/24 12:30,Food Waste (kg),23.89
11/02/24 12:34,UO903,Airbus A320,154,CDG,JFK,11/2/24 12:30,Liquid (L),8.06
11/02/24 12:57,UO903,Airbus A320,154,CDG,JFK,11/2/24 12:30,Liquid (L),3.0
11/02/24 14:06,UO903,Airbus A320,154,CDG,JFK,11/2/24 12:30,Liquid (L),5.05
11/02/24 14:16,UO903,Airbus A320,154,CDG,JFK,11/2/24 12:30,Liquid (L),9.26
11/02/24 14:22,UO903,Airbus A320,154,CDG,JFK,11/2/24 12:30,Liquid (L),1.24
11/02/24 12:42,UO903,Airbus A320,154,CDG,JFK,11/2/24 12:30,Liquid (L),28.4
11/02/24 13:52,UO903,Airbus A320,154,CDG,JFK,11/2/24 12:30,One-time Food Containers,5.45
11/02/24 13:33,UO903,Airbus A320,154,CDG,JFK,11/2/24 12:30,One-time Food Containers,14.09
11/02/24 13:58,UO903,Airbus A320,154,CDG,JFK,11/2/24 12:30,One-time Food Containers,10.78
11/02/24 13:18,UO903,Airbus A320,154,CDG,JFK,11/2/24 12:30,One-time Food Containers,13.98
11/02/24 12:44,UO903,Airbus A320,154,CDG,JFK,11/2/24 12:30,One-time Food Containers,12.89
11/02/24 12:30,UO903,Airbus A320,154,CDG,JFK,11/2/24 12:30,One-time Food Containers,10.91
11/02/24 12:39,UO903,Airbus A320,154,CDG,JFK,11/2/24 12:30,One-time Food Containers,14.63
11/02/24 13:31,UO903,Airbus A320,154,CDG,JFK,11/2/24 12:30,One-time Food Containers,11.98
11/02/24 13:27,UO903,Airbus A320,154,CDG,JFK,11/2/24 12:30,One-time Food Containers,25.29
11/02/24 13:33,UO903,Airbus A320,154,CDG,JFK,11/2/24 12:30,Aluminum Cans,14.63
11/02/24 14:29,UO903,Airbus A320,154,CDG,JFK,11/2/24 12:30,Aluminum Cans,5.21
11/02/24 13:05,UO903,Airbus A320,154,CDG,JFK,11/2/24 12:30,Aluminum Cans,3.24
11/02/24 13:13,UO903,Airbus A320,154,CDG,JFK,11/2/24 12:30,Aluminum Cans,16.84
11/02/24 13:40,UO903,Airbus A320,154,CDG,JFK,11/2/24 12:30,Aluminum Cans,70.08
11/02/24 12:40,UO903,Airbus A320,154,CDG,JFK,11/2/24 12:30,Non-recyclable Waste (kg),5.24
11/02/24 13:36,UO903,Airbus A320,154,CDG,JFK,11/2/24 12:30,Non-recyclable Waste (kg),16.89
11/02/24 13:39,UO903,Airbus A320,154,CDG,JFK,11/2/24 12:30,Non-recyclable Waste (kg),11.64
11/02/24 13:36,UO903,Airbus A320,154,CDG,JFK,11/2/24 12:30,Non-recyclable Waste (kg),5.79
11/02/24 12:51,UO903,Airbus A320,154,CDG,JFK,11/2/24 12:30,Non-recyclable Waste (kg),1.78
11/02/24 12:52,UO903,Airbus A320,154,CDG,JFK,11/2/24 12:30,Non-recyclable Waste (kg),48.65
11/03/24 09:49,UO901,Airbus A320,128,FRA,HND,11/3/24 8:00,Cups,20.08
11/03/24 08:04,UO901,Airbus A320,128,FRA,HND,11/3/24 8:00,Cups,60.33
11/03/24 09:43,UO901,Airbus A320,128,FRA,HND,11/3/24 8:00,Cups,9.92
11/03/24 09:00,UO901,Airbus A320,128,FRA,HND,11/3/24 8:00,Cups,73.6
11/03/24 08:34,UO901,Airbus A320,128,FRA,HND,11/3/24 8:00,Cups,19.17
11/03/24 08:15,UO901,Airbus A320,128,FRA,HND,11/3/24 8:00,Cups,107.9
11/03/24 08:50,UO901,Airbus A320,128,FRA,HND,11/3/24 8:00,Cups,113.05
11/03/24 09:36,UO901,Airbus A320,128,FRA,HND,11/3/24 8:00,Cups,195.95
11/03/24 08:32,UO901,Airbus A320,128,FRA,HND,11/3/24 8:00,Cutleries,2.69
11/03/24 09:33,UO901,Airbus A320,128,FRA,HND,11/3/24 8:00,Cutleries,24.14
11/03/24 09:59,UO901,Airbus A320,128,FRA,HND,11/3/24 8:00,Cutleries,10.35
11/03/24 08:58,UO901,Airbus A320,128,FRA,HND,11/3/24 8:00,Cutleries,2.57
11/03/24 08:43,UO901,Airbus A320,128,FRA,HND,11/3/24 8:00,Cutleries,55.18
11/03/24 08:54,UO901,Airbus A320,128,FRA,HND,11/3/24 8:00,Cutleries,59.7
11/03/24 09:41,UO901,Airbus A320,128,FRA,HND,11/3/24 8:00,Cutleries,8.47
11/03/24 09:24,UO901,Airbus A320,128,FRA,HND,11/3/24 8:00,Cutleries,136.91
11/03/24 08:51,UO901,Airbus A320,128,FRA,HND,11/3/24 8:00,Food Waste (kg),11.57
11/03/24 08:36,UO901,Airbus A320,128,FRA,HND,11/3/24 8:00,Food Waste (kg),13.03
11/03/24 09:44,UO901,Airbus A320,128,FRA,HND,11/3/24 8:00,Food Waste (kg),4.15
11/03/24 09:02,UO901,Airbus A320,128,FRA,HND,11/3/24 8:00,Food Waste (kg),16.96
11/03/24 08:50,UO901,Airbus A320,128,FRA,HND,11/3/24 8:00,Food Waste (kg),11.17
11/03/24 09:18,UO901,Airbus A320,128,FRA,HND,11/3/24 8:00,Food Waste (kg),33.12
11/03/24 09:45,UO901,Airbus A320,128,FRA,HND,11/3/24 8:00,Liquid (L),6.97
11/03/24 08:01,UO901,Airbus A320,128,FRA,HND,11/3/24 8:00,Liquid (L),3.35
11/03/24 09:46,UO901,Airbus A320,128,FRA,HND,11/3/24 8:00,Liquid (L),1.75
11/03/24 08:17,UO901,Airbus A320,128,FRA,HND,11/3/24 8:00,Liquid (L),1.13
11/03/24 08:53,UO901,Airbus A320,128,FRA,HND,11/3/24 8:00,Liquid (L),10.87
11/03/24 08:43,UO901,Airbus A320,128,FRA,HND,11/3/24 8:00,Liquid (L),16.89
11/03/24 09:23,UO901,Airbus A320,128,FRA,HND,11/3/24 8:00,Liquid (L),10.11
11/03/24 08:57,UO901,Airbus A320,128,FRA,HND,11/3/24 8:00,Liquid (L),23.94
11/03/24 09:30,UO901,Airbus A320,128,FRA,HND,11/3/24 8:00,One-time Food Containers,10.34
11/03/24 09:33,UO901,Airbus A320,128,FRA,HND,11/3/24 8:00,One-time Food Containers,12.73
11/03/24 08:25,UO901,Airbus A320,128,FRA,HND,11/3/24 8:00,One-time Food Containers,4.84
11/03/24 08:22,UO901,Airbus A320,128,FRA,HND,11/3/24 8:00,One-time Food Containers,9.21
11/03/24 08:51,UO901,Airbus A320,128,FRA,HND,11/3/24 8:00,One-time Food Containers,14.55
11/03/24 08:33,UO901,Airbus A320,128,FRA,HND,11/3/24 8:00,One-time Food Containers,48.33
11/03/24 08:01,UO901,Airbus A320,128,FRA,HND,11/3/24 8:00,Aluminum Cans,1.13
11/03/24 09:51,UO901,Airbus A320,128,FRA,HND,11/3/24 8:00,Aluminum Cans,3.51
11/03/24 09:09,UO901,Airbus A320,128,FRA,HND,11/3/24 8:00,Aluminum Cans,1.86
11/03/24 09:10,UO901,Airbus A320,128,FRA,HND,11/3/24 8:00,Aluminum Cans,20.68
11/03/24 08:12,UO901,Airbus A320,128,FRA,HND,11/3/24 8:00,Aluminum Cans,23.82
11/03/24 08:46,UO901,Airbus A320,128,FRA,HND,11/3/24 8:00,Non-recyclable Waste (kg),6.55
11/03/24 08:56,UO901,Airbus A320,128,FRA,HND,11/3/24 8:00,Non-recyclable Waste (kg),7.04
11/03/24 09:59,UO901,Airbus A320,128,FRA,HND,11/3/24 8:00,Non-recyclable Waste (kg),6.47
11/03/24 08:18,UO901,Airbus A320,128,FRA,HND,11/3/24 8:00,Non-recyclable Waste (kg),5.23
11/03/24 08:43,UO901,Airbus A320,128,FRA,HND,11/3/24 8:00,Non-recyclable Waste (kg),5.81
11/03/24 08:59,UO901,Airbus A320,128,FRA,HND,11/3/24 8:00,Non-recyclable Waste (kg),1.21
11/03/24 08:05,UO901,Airbus A320,128,FRA,HND,11/3/24 8:00,Non-recyclable Waste (kg),6.26
11/03/24 09:10,UO901,Airbus A320,128,FRA,HND,11/3/24 8:00,Non-recyclable Waste (kg),6.35
11/03/24 09:10,UO901,Airbus A320,128,FRA,HND,11/3/24 8:00,Non-recyclable Waste (kg),7.17
11/03/24 08:24,UO901,Airbus A320,128,FRA,HND,11/3/24 8:00,Non-recyclable Waste (kg),17.91
11/03/24 09:34,UO902,Airbus A320,153,DXB,SYD,11/3/24 9:30,Cups,18.5
11/03/24 11:06,UO902,Airbus A320,153,DXB,SYD,11/3/24 9:30,Cups,58.62
11/03/24 10:01,UO902,Airbus A320,153,DXB,SYD,11/3/24 9:30,Cups,42.47
11/03/24 09:34,UO902,Airbus A320,153,DXB,SYD,11/3/24 9:30,Cups,88.26
11/03/24 11:11,UO902,Airbus A320,153,DXB,SYD,11/3/24 9:30,Cups,66.98
11/03/24 10:25,UO902,Airbus A320,153,DXB,SYD,11/3/24 9:30,Cups,77.51
11/03/24 11:13,UO902,Airbus A320,153,DXB,SYD,11/3/24 9:30,Cups,15.67
11/03/24 10:09,UO902,Airbus A320,153,DXB,SYD,11/3/24 9:30,Cups,16.68
11/03/24 09:46,UO902,Airbus A320,153,DXB,SYD,11/3/24 9:30,Cups,190.17
11/03/24 11:15,UO902,Airbus A320,153,DXB,SYD,11/3/24 9:30,Cups,225.15
11/03/24 09:42,UO902,Airbus A320,153,DXB,SYD,11/3/24 9:30,Cutleries,24.92
11/03/24 10:02,UO902,Airbus A320,153,DXB,SYD,11/3/24 9:30,Cutleries,36.78
11/03/24 10:08,UO902,Airbus A320,153,DXB,SYD,11/3/24 9:30,Cutleries,1.32
11/03/24 11:07,UO902,Airbus A320,153,DXB,SYD,11/3/24 9:30,Cutleries,49.78
11/03/24 10:20,UO902,Airbus A320,153,DXB,SYD,11/3/24 9:30,Cutleries,36.16
11/03/24 11:01,UO902,Airbus A320,153,DXB,SYD,11/3/24 9:30,Cutleries,18.63
11/03/24 11:26,UO902,Airbus A320,153,DXB,SYD,11/3/24 9:30,Cutleries,29.94
11/03/24 11:30,UO902,Airbus A320,153,DXB,SYD,11/3/24 9:30,Cutleries,53.71
11/03/24 10:16,UO902,Airbus A320,153,DXB,SYD,11/3/24 9:30,Cutleries,148.77
11/03/24 11:07,UO902,Airbus A320,153,DXB,SYD,11/3/24 9:30,Food Waste (kg),13.06
11/03/24 11:24,UO902,Airbus A320,153,DXB,SYD,11/3/24 9:30,Food Waste (kg),6.74
11/03/24 10:34,UO902,Airbus A320,153,DXB,SYD,11/3/24 9:30,Food Waste (kg),5.22
11/03/24 10:47,UO902,Airbus A320,153,DXB,SYD,11/3/24 9:30,Food Waste (kg),1.08
11/03/24 10:45,UO902,Airbus A320,153,DXB,SYD,11/3/24 9:30,Food Waste (kg),14.78
11/03/24 09:31,UO902,Airbus A320,153,DXB,SYD,11/3/24 9:30,Food Waste (kg),23.5
11/03/24 09:59,UO902,Airbus A320,153,DXB,SYD,11/3/24 9:30,Food Waste (kg),1.78
11/03/24 10:31,UO902,Airbus A320,153,DXB,SYD,11/3/24 9:30,Food Waste (kg),19.11
11/03/24 11:28,UO902,Airbus A320,153,DXB,SYD,11/3/24 9:30,Food Waste (kg),64.75
11/03/24 09:54,UO902,Airbus A320,153,DXB,SYD,11/3/24 9:30,Liquid (L),6.06
11/03/24 10:16,UO902,Airbus A320,153,DXB,SYD,11/3/24 9:30,Liquid (L),9.96
11/03/24 10:35,UO902,Airbus A320,153,DXB,SYD,11/3/24 9:30,Liquid (L),2.01
11/03/24 11:10,UO902,Airbus A320,153,DXB,SYD,11/3/24 9:30,Liquid (L),6.12
11/03/24 09:51,UO902,Airbus A320,153,DXB,SYD,11/3/24 9:30,Liquid (L),5.67
11/03/24 10:30,UO902,Airbus A320,153,DXB,SYD,11/3/24 9:30,Liquid (L),4.48
11/03/24 11:29,UO902,Airbus A320,153,DXB,SYD,11/3/24 9:30,Liquid (L),19.95
11/03/24 11:09,UO902,Airbus A320,153,DXB,SYD,11/3/24 9:30,Liquid (L),12.24
11/03/24 11:04,UO902,Airbus A320,153,DXB,SYD,11/3/24 9:30,Liquid (L),43.51
11/03/24 09:42,UO902,Airbus A320,153,DXB,SYD,11/3/24 9:30,One-time Food Containers,9.37
11/03/24 11:11,UO902,Airbus A320,153,DXB,SYD,11/3/24 9:30,One-time Food Containers,6.86
11/03/24 10:21,UO902,Airbus A320,153,DXB,SYD,11/3/24 9:30,One-time Food Containers,6.55
11/03/24 10:15,UO902,Airbus A320,153,DXB,SYD,11/3/24 9:30,One-time Food Containers,4.78
11/03/24 10:12,UO902,Airbus A320,153,DXB,SYD,11/3/24 9:30,One-time Food Containers,17.86
11/03/24 10:44,UO902,Airbus A320,153,DXB,SYD,11/3/24 9:30,One-time Food Containers,7.22
11/03/24 09:54,UO902,Airbus A320,153,DXB,SYD,11/3/24 9:30,One-time Food Containers,37.37
11/03/24 10:38,UO902,Airbus A320,153,DXB,SYD,11/3/24 9:30,Aluminum Cans,3.14
11/03/24 09:55,UO902,Airbus A320,153,DXB,SYD,11/3/24 9:30,Aluminum Cans,3.33
11/03/24 09:59,UO902,Airbus A320,153,DXB,SYD,11/3/24 9:30,Aluminum Cans,2.9
11/03/24 11:27,UO902,Airbus A320,153,DXB,SYD,11/3/24 9:30,Aluminum Cans,4.05
11/03/24 11:28,UO902,Airbus A320,153,DXB,SYD,11/3/24 9:30,Aluminum Cans,2.62
11/03/24 10:22,UO902,Airbus A320,153,DXB,SYD,11/3/24 9:30,Aluminum Cans,4.13
11/03/24 11:09,UO902,Airbus A320,153,DXB,SYD,11/3/24 9:30,Aluminum Cans,4.12
11/03/24 09:59,UO902,Airbus A320,153,DXB,SYD,11/3/24 9:30,Aluminum Cans,3.44
11/03/24 09:44,UO902,Airbus A320,153,DXB,SYD,11/3/24 9:30,Aluminum Cans,3.39
11/03/24 11:26,UO902,Airbus A320,153,DXB,SYD,11/3/24 9:30,Aluminum Cans,9.89
11/03/24 09:44,UO902,Airbus A320,153,DXB,SYD,11/3/24 9:30,Non-recyclable Waste (kg),7.35
11/03/24 11:14,UO902,Airbus A320,153,DXB,SYD,11/3/24 9:30,Non-recyclable Waste (kg),5.5
11/03/24 09:37,UO902,Airbus A320,153,DXB,SYD,11/3/24 9:30,Non-recyclable Waste (kg),8.55
11/03/24 11:12,UO902,Airbus A320,153,DXB,SYD,11/3/24 9:30,Non-recyclable Waste (kg),4.18
11/03/24 10:23,UO902,Airbus A320,153,DXB,SYD,11/3/24 9:30,Non-recyclable Waste (kg),11.12
11/03/24 10:30,UO902,Airbus A320,153,DXB,SYD,11/3/24 9:30,Non-recyclable Waste (kg),4.84
11/03/24 09:42,UO902,Airbus A320,153,DXB,SYD,11/3/24 9:30,Non-recyclable Waste (kg),17.31
11/03/24 11:16,UO902,Airbus A320,153,DXB,SYD,11/3/24 9:30,Non-recyclable Waste (kg),21.17
11/03/24 13:28,UO903,Airbus A320,122,JFK,LHR,11/3/24 12:30,Cups,78.73
11/03/24 14:24,UO903,Airbus A320,122,JFK,LHR,11/3/24 12:30,Cups,5.88
11/03/24 13:23,UO903,Airbus A320,122,JFK,LHR,11/3/24 12:30,Cups,54.99
11/03/24 14:13,UO903,Airbus A320,122,JFK,LHR,11/3/24 12:30,Cups,46.9
11/03/24 13:57,UO903,Airbus A320,122,JFK,LHR,11/3/24 12:30,Cups,53.87
11/03/24 13:01,UO903,Airbus A320,122,JFK,LHR,11/3/24 12:30,Cups,95.57
11/03/24 13:35,UO903,Airbus A320,122,JFK,LHR,11/3/24 12:30,Cups,224.06
11/03/24 13:18,UO903,Airbus A320,122,JFK,LHR,11/3/24 12:30,Cutleries,24.92
11/03/24 14:17,UO903,Airbus A320,122,JFK,LHR,11/3/24 12:30,Cutleries,3.92
11/03/24 13:34,UO903,Airbus A320,122,JFK,LHR,11/3/24 12:30,Cutleries,18.54
11/03/24 14:13,UO903,Airbus A320,122,JFK,LHR,11/3/24 12:30,Cutleries,31.02
11/03/24 12:31,UO903,Airbus A320,122,JFK,LHR,11/3/24 12:30,Cutleries,29.17
11/03/24 13:31,UO903,Airbus A320,122,JFK,LHR,11/3/24 12:30,Cutleries,172.43
11/03/24 13:06,UO903,Airbus A320,122,JFK,LHR,11/3/24 12:30,Food Waste (kg),7.91
11/03/24 13:07,UO903,Airbus A320,122,JFK,LHR,11/3/24 12:30,Food Waste (kg),8.12
11/03/24 13:17,UO903,Airbus A320,122,JFK,LHR,11/3/24 12:30,Food Waste (kg),6.39
11/03/24 13:57,UO903,Airbus A320,122,JFK,LHR,11/3/24 12:30,Food Waste (kg),5.56
11/03/24 13:09,UO903,Airbus A320,122,JFK,LHR,11/3/24 12:30,Food Waste (kg),8.08
11/03/24 13:41,UO903,Airbus A320,122,JFK,LHR,11/3/24 12:30,Food Waste (kg),7.09
11/03/24 14:22,UO903,Airbus A320,122,JFK,LHR,11/3/24 12:30,Food Waste (kg),10.31
11/03/24 13:33,UO903,Airbus A320,122,JFK,LHR,11/3/24 12:30,Food Waste (kg),8.99
11/03/24 14:02,UO903,Airbus A320,122,JFK,LHR,11/3/24 12:30,Food Waste (kg),6.21
11/03/24 13:57,UO903,Airbus A320,122,JFK,LHR,11/3/24 12:30,Food Waste (kg),16.34
11/03/24 13:35,UO903,Airbus A320,122,JFK,LHR,11/3/24 12:30,Liquid (L),5.5
11/03/24 13:45,UO903,Airbus A320,122,JFK,LHR,11/3/24 12:30,Liquid (L),1.47
11/03/24 13:17,UO903,Airbus A320,122,JFK,LHR,11/3/24 12:30,Liquid (L),12.18
11/03/24 12:37,UO903,Airbus A320,122,JFK,LHR,11/3/24 12:30,Liquid (L),14.38
11/03/24 13:40,UO903,Airbus A320,122,JFK,LHR,11/3/24 12:30,Liquid (L),10.66
11/03/24 13:37,UO903,Airbus A320,122,JFK,LHR,11/3/24 12:30,Liquid (L),25.8
11/03/24 13:01,UO903,Airbus A320,122,JFK,LHR,11/3/24 12:30,One-time Food Containers,5.25
11/03/24 13:36,UO903,Airbus A320,122,JFK,LHR,11/3/24 12:30,One-time Food Containers,1.15
11/03/24 13:23,UO903,Airbus A320,122,JFK,LHR,11/3/24 12:30,One-time Food Containers,1.45
11/03/24 13:38,UO903,Airbus A320,122,JFK,LHR,11/3/24 12:30,One-time Food Containers,4.73
11/03/24 13:29,UO903,Airbus A320,122,JFK,LHR,11/3/24 12:30,One-time Food Containers,8.84
11/03/24 14:21,UO903,Airbus A320,122,JFK,LHR,11/3/24 12:30,One-time Food Containers,6.73
11/03/24 12:30,UO903,Airbus A320,122,JFK,LHR,11/3/24 12:30,One-time Food Containers,6.18
11/03/24 14:04,UO903,Airbus A320,122,JFK,LHR,11/3/24 12:30,One-time Food Containers,11.54
11/03/24 13:06,UO903,Airbus A320,122,JFK,LHR,11/3/24 12:30,One-time Food Containers,9.64
11/03/24 12:58,UO903,Airbus A320,122,JFK,LHR,11/3/24 12:30,One-time Food Containers,14.5
11/03/24 13:44,UO903,Airbus A320,122,JFK,LHR,11/3/24 12:30,Aluminum Cans,3.11
11/03/24 13:03,UO903,Airbus A320,122,JFK,LHR,11/3/24 12:30,Aluminum Cans,3.25
11/03/24 13:31,UO903,Airbus A320,122,JFK,LHR,11/3/24 12:30,Aluminum Cans,3.52
11/03/24 13:29,UO903,Airbus A320,122,JFK,LHR,11/3/24 12:30,Aluminum Cans,1.66
11/03/24 13:02,UO903,Airbus A320,122,JFK,LHR,11/3/24 12:30,Aluminum Cans,1.96
11/03/24 13:20,UO903,Airbus A320,122,JFK,LHR,11/3/24 12:30,Aluminum Cans,3.38
11/03/24 13:25,UO903,Airbus A320,122,JFK,LHR,11/3/24 12:30,Aluminum Cans,4.7
11/03/24 13:52,UO903,Airbus A320,122,JFK,LHR,11/3/24 12:30,Aluminum Cans,3.45
11/03/24 13:50,UO903,Airbus A320,122,JFK,LHR,11/3/24 12:30,Aluminum Cans,5.99
11/03/24 12:41,UO903,Airbus A320,122,JFK,LHR,11/3/24 12:30,Non-recyclable Waste (kg),1.79
11/03/24 12:38,UO903,Airbus A320,122,JFK,LHR,11/3/24 12:30,Non-recyclable Waste (kg),1.08
11/03/24 13:54,UO903,Airbus A320,122,JFK,LHR,11/3/24 12:30,Non-recyclable Waste (kg),9.49
11/03/24 14:06,UO903,Airbus A320,122,JFK,LHR,11/3/24 12:30,Non-recyclable Waste (kg),9.18
11/03/24 14:12,UO903,Airbus A320,122,JFK,LHR,11/3/24 12:30,Non-recyclable Waste (kg),38.46
11/04/24 08:58,UO903,Airbus A320,164,HKG,TYO,11/4/24 8:00,Cups,62.82
11/04/24 09:45,UO903,Airbus A320,164,HKG,TYO,11/4/24 8:00,Cups,45.3
11/04/24 09:17,UO903,Airbus A320,164,HKG,TYO,11/4/24 8:00,Cups,56.56
11/04/24 08:46,UO903,Airbus A320,164,HKG,TYO,11/4/24 8:00,Cups,57.43
11/04/24 09:13,UO903,Airbus A320,164,HKG,TYO,11/4/24 8:00,Cups,46.88
11/04/24 09:50,UO903,Airbus A320,164,HKG,TYO,11/4/24 8:00,Cups,29.45
11/04/24 08:21,UO903,Airbus A320,164,HKG,TYO,11/4/24 8:00,Cups,261.56
11/04/24 08:08,UO903,Airbus A320,164,HKG,TYO,11/4/24 8:00,Cutleries,12.63
11/04/24 09:10,UO903,Airbus A320,164,HKG,TYO,11/4/24 8:00,Cutleries,25.63
11/04/24 08:40,UO903,Airbus A320,164,HKG,TYO,11/4/24 8:00,Cutleries,26.38
11/04/24 09:43,UO903,Airbus A320,164,HKG,TYO,11/4/24 8:00,Cutleries,21.22
11/04/24 09:08,UO903,Airbus A320,164,HKG,TYO,11/4/24 8:00,Cutleries,20.9
11/04/24 09:03,UO903,Airbus A320,164,HKG,TYO,11/4/24 8:00,Cutleries,17.03
11/04/24 09:22,UO903,Airbus A320,164,HKG,TYO,11/4/24 8:00,Cutleries,35.25
11/04/24 08:11,UO903,Airbus A320,164,HKG,TYO,11/4/24 8:00,Cutleries,40.97
11/04/24 09:42,UO903,Airbus A320,164,HKG,TYO,11/4/24 8:00,Food Waste (kg),2.46
11/04/24 08:37,UO903,Airbus A320,164,HKG,TYO,11/4/24 8:00,Food Waste (kg),4.95
11/04/24 08:35,UO903,Airbus A320,164,HKG,TYO,11/4/24 8:00,Food Waste (kg),3.55
11/04/24 10:00,UO903,Airbus A320,164,HKG,TYO,11/4/24 8:00,Food Waste (kg),4.18
11/04/24 08:09,UO903,Airbus A320,164,HKG,TYO,11/4/24 8:00,Food Waste (kg),1.22
11/04/24 09:45,UO903,Airbus A320,164,HKG,TYO,11/4/24 8:00,Food Waste (kg),3.5
11/04/24 08:23,UO903,Airbus A320,164,HKG,TYO,11/4/24 8:00,Food Waste (kg),4.19
11/04/24 08:52,UO903,Airbus A320,164,HKG,TYO,11/4/24 8:00,Food Waste (kg),4.03
11/04/24 09:04,UO903,Airbus A320,164,HKG,TYO,11/4/24 8:00,Food Waste (kg),36.92
11/04/24 08:12,UO903,Airbus A320,164,HKG,TYO,11/4/24 8:00,Liquid (L),8.14
11/04/24 09:20,UO903,Airbus A320,164,HKG,TYO,11/4/24 8:00,Liquid (L),3.09
11/04/24 08:30,UO903,Airbus A320,164,HKG,TYO,11/4/24 8:00,Liquid (L),4.49
11/04/24 09:44,UO903,Airbus A320,164,HKG,TYO,11/4/24 8:00,Liquid (L),8.94
11/04/24 08:12,UO903,Airbus A320,164,HKG,TYO,11/4/24 8:00,Liquid (L),15.32
11/04/24 08:09,UO903,Airbus A320,164,HKG,TYO,11/4/24 8:00,Liquid (L),16.85
11/04/24 09:22,UO903,Airbus A320,164,HKG,TYO,11/4/24 8:00,Liquid (L),27.17
11/04/24 08:05,UO903,Airbus A320,164,HKG,TYO,11/4/24 8:00,One-time Food Containers,5.76
11/04/24 09:18,UO903,Airbus A320,164,HKG,TYO,11/4/24 8:00,One-time Food Containers,1.36
11/04/24 09:01,UO903,Airbus A320,164,HKG,TYO,11/4/24 8:00,One-time Food Containers,7.32
11/04/24 08:51,UO903,Airbus A320,164,HKG,TYO,11/4/24 8:00,One-time Food Containers,14.54
11/04/24 09:31,UO903,Airbus A320,164,HKG,TYO,11/4/24 8:00,One-time Food Containers,12.13
11/04/24 08:23,UO903,Airbus A320,164,HKG,TYO,11/4/24 8:00,One-time Food Containers,47.89
11/04/24 09:18,UO903,Airbus A320,164,HKG,TYO,11/4/24 8:00,Aluminum Cans,3.64
11/04/24 09:21,UO903,Airbus A320,164,HKG,TYO,11/4/24 8:00,Aluminum Cans,8.66
11/04/24 09:49,UO903,Airbus A320,164,HKG,TYO,11/4/24 8:00,Aluminum Cans,5.83
11/04/24 09:03,UO903,Airbus A320,164,HKG,TYO,11/4/24 8:00,Aluminum Cans,4.17
11/04/24 08:25,UO903,Airbus A320,164,HKG,TYO,11/4/24 8:00,Aluminum Cans,14.62
11/04/24 09:00,UO903,Airbus A320,164,HKG,TYO,11/4/24 8:00,Aluminum Cans,24.07
11/04/24 09:27,UO903,Airbus A320,164,HKG,TYO,11/4/24 8:00,Non-recyclable Waste (kg),4.89
11/04/24 09:52,UO903,Airbus A320,164,HKG,TYO,11/4/24 8:00,Non-recyclable Waste (kg),2.18
11/04/24 09:18,UO903,Airbus A320,164,HKG,TYO,11/4/24 8:00,Non-recyclable Waste (kg),5.84
11/04/24 09:01,UO903,Airbus A320,164,HKG,TYO,11/4/24 8:00,Non-recyclable Waste (kg),2.09
11/04/24 09:47,UO903,Airbus A320,164,HKG,TYO,11/4/24 8:00,Non-recyclable Waste (kg),4.62
11/04/24 09:32,UO903,Airbus A320,164,HKG,TYO,11/4/24 8:00,Non-recyclable Waste (kg),4.88
11/04/24 08:02,UO903,Airbus A320,164,HKG,TYO,11/4/24 8:00,Non-recyclable Waste (kg),3.55
11/04/24 08:14,UO903,Airbus A320,164,HKG,TYO,11/4/24 8:00,Non-recyclable Waste (kg),7.64
11/04/24 08:17,UO903,Airbus A320,164,HKG,TYO,11/4/24 8:00,Non-recyclable Waste (kg),14.31
11/04/24 09:33,UO903,Airbus A320,153,TYO,TPE,11/4/24 9:30,Cups,25.96
11/04/24 11:06,UO903,Airbus A320,153,TYO,TPE,11/4/24 9:30,Cups,103.24
11/04/24 11:26,UO903,Airbus A320,153,TYO,TPE,11/4/24 9:30,Cups,42.99
11/04/24 09:40,UO903,Airbus A320,153,TYO,TPE,11/4/24 9:30,Cups,109.82
11/04/24 09:54,UO903,Airbus A320,153,TYO,TPE,11/4/24 9:30,Cups,277.98
11/04/24 10:42,UO903,Airbus A320,153,TYO,TPE,11/4/24 9:30,Cutleries,33.53
11/04/24 09:40,UO903,Airbus A320,153,TYO,TPE,11/4/24 9:30,Cutleries,10.1
11/04/24 11:21,UO903,Airbus A320,153,TYO,TPE,11/4/24 9:30,Cutleries,66.67
11/04/24 09:41,UO903,Airbus A320,153,TYO,TPE,11/4/24 9:30,Cutleries,21.82
11/04/24 10:29,UO903,Airbus A320,153,TYO,TPE,11/4/24 9:30,Cutleries,127.88
11/04/24 10:19,UO903,Airbus A320,153,TYO,TPE,11/4/24 9:30,Food Waste (kg),6.77
11/04/24 10:47,UO903,Airbus A320,153,TYO,TPE,11/4/24 9:30,Food Waste (kg),1.17
11/04/24 09:32,UO903,Airbus A320,153,TYO,TPE,11/4/24 9:30,Food Waste (kg),10.4
11/04/24 10:35,UO903,Airbus A320,153,TYO,TPE,11/4/24 9:30,Food Waste (kg),12.44
11/04/24 11:04,UO903,Airbus A320,153,TYO,TPE,11/4/24 9:30,Food Waste (kg),7.5
11/04/24 11:22,UO903,Airbus A320,153,TYO,TPE,11/4/24 9:30,Food Waste (kg),4.27
11/04/24 10:50,UO903,Airbus A320,153,TYO,TPE,11/4/24 9:30,Food Waste (kg),1.22
11/04/24 10:50,UO903,Airbus A320,153,TYO,TPE,11/4/24 9:30,Food Waste (kg),6.96
11/04/24 11:12,UO903,Airbus A320,153,TYO,TPE,11/4/24 9:30,Food Waste (kg),47.28
11/04/24 10:38,UO903,Airbus A320,153,TYO,TPE,11/4/24 9:30,Liquid (L),10.57
11/04/24 10:58,UO903,Airbus A320,153,TYO,TPE,11/4/24 9:30,Liquid (L),5.2
11/04/24 09:35,UO903,Airbus A320,153,TYO,TPE,11/4/24 9:30,Liquid (L),2.93
11/04/24 10:21,UO903,Airbus A320,153,TYO,TPE,11/4/24 9:30,Liquid (L),17.64
11/04/24 10:26,UO903,Airbus A320,153,TYO,TPE,11/4/24 9:30,Liquid (L),21.67
11/04/24 10:06,UO903,Airbus A320,153,TYO,TPE,11/4/24 9:30,One-time Food Containers,10.32
11/04/24 11:16,UO903,Airbus A320,153,TYO,TPE,11/4/24 9:30,One-time Food Containers,7.59
11/04/24 11:20,UO903,Airbus A320,153,TYO,TPE,11/4/24 9:30,One-time Food Containers,11.5
11/04/24 09:48,UO903,Airbus A320,153,TYO,TPE,11/4/24 9:30,One-time Food Containers,13.37
11/04/24 10:58,UO903,Airbus A320,153,TYO,TPE,11/4/24 9:30,One-time Food Containers,1.46
11/04/24 10:39,UO903,Airbus A320,153,TYO,TPE,11/4/24 9:30,One-time Food Containers,29.75
11/04/24 10:08,UO903,Airbus A320,153,TYO,TPE,11/4/24 9:30,Aluminum Cans,4.39
11/04/24 10:11,UO903,Airbus A320,153,TYO,TPE,11/4/24 9:30,Aluminum Cans,2.19
11/04/24 11:09,UO903,Airbus A320,153,TYO,TPE,11/4/24 9:30,Aluminum Cans,3.94
11/04/24 10:03,UO903,Airbus A320,153,TYO,TPE,11/4/24 9:30,Aluminum Cans,6.61
11/04/24 11:24,UO903,Airbus A320,153,TYO,TPE,11/4/24 9:30,Aluminum Cans,3.54
11/04/24 10:59,UO903,Airbus A320,153,TYO,TPE,11/4/24 9:30,Aluminum Cans,7.11
11/04/24 09:46,UO903,Airbus A320,153,TYO,TPE,11/4/24 9:30,Aluminum Cans,1.55
11/04/24 11:29,UO903,Airbus A320,153,TYO,TPE,11/4/24 9:30,Aluminum Cans,7.26
11/04/24 09:48,UO903,Airbus A320,153,TYO,TPE,11/4/24 9:30,Aluminum Cans,12.04
11/04/24 09:51,UO903,Airbus A320,153,TYO,TPE,11/4/24 9:30,Aluminum Cans,12.37
11/04/24 10:23,UO903,Airbus A320,153,TYO,TPE,11/4/24 9:30,Non-recyclable Waste (kg),6.09
11/04/24 09:34,UO903,Airbus A320,153,TYO,TPE,11/4/24 9:30,Non-recyclable Waste (kg),3.76
11/04/24 10:36,UO903,Airbus A320,153,TYO,TPE,11/4/24 9:30,Non-recyclable Waste (kg),5.41
11/04/24 11:08,UO903,Airbus A320,153,TYO,TPE,11/4/24 9:30,Non-recyclable Waste (kg),1.19
11/04/24 11:01,UO903,Airbus A320,153,TYO,TPE,11/4/24 9:30,Non-recyclable Waste (kg),5.31
11/04/24 10:12,UO903,Airbus A320,153,TYO,TPE,11/4/24 9:30,Non-recyclable Waste (kg),7.99
11/04/24 10:12,UO903,Airbus A320,153,TYO,TPE,11/4/24 9:30,Non-recyclable Waste (kg),2.77
11/04/24 10:33,UO903,Airbus A320,153,TYO,TPE,11/4/24 9:30,Non-recyclable Waste (kg),10.65
11/04/24 09:43,UO903,Airbus A320,153,TYO,TPE,11/4/24 9:30,Non-recyclable Waste (kg),18.16
11/04/24 11:27,UO903,Airbus A320,153,TYO,TPE,11/4/24 9:30,Non-recyclable Waste (kg),18.68
11/04/24 12:44,UO903,Airbus A320,121,TPE,HKG,11/4/24 12:30,Cups,54.39
11/04/24 13:08,UO903,Airbus A320,121,TPE,HKG,11/4/24 12:30,Cups,73.96
11/04/24 14:00,UO903,Airbus A320,121,TPE,HKG,11/4/24 12:30,Cups,3.72
11/04/24 13:55,UO903,Airbus A320,121,TPE,HKG,11/4/24 12:30,Cups,54.37
11/04/24 12:52,UO903,Airbus A320,121,TPE,HKG,11/4/24 12:30,Cups,87.22
11/04/24 12:46,UO903,Airbus A320,121,TPE,HKG,11/4/24 12:30,Cups,25.23
11/04/24 14:03,UO903,Airbus A320,121,TPE,HKG,11/4/24 12:30,Cups,261.12
11/04/24 12:53,UO903,Airbus A320,121,TPE,HKG,11/4/24 12:30,Cutleries,29.11
11/04/24 13:38,UO903,Airbus A320,121,TPE,HKG,11/4/24 12:30,Cutleries,10.34
11/04/24 12:30,UO903,Airbus A320,121,TPE,HKG,11/4/24 12:30,Cutleries,8.62
11/04/24 12:41,UO903,Airbus A320,121,TPE,HKG,11/4/24 12:30,Cutleries,29.0
11/04/24 13:11,UO903,Airbus A320,121,TPE,HKG,11/4/24 12:30,Cutleries,18.47
11/04/24 13:01,UO903,Airbus A320,121,TPE,HKG,11/4/24 12:30,Cutleries,39.11
11/04/24 12:40,UO903,Airbus A320,121,TPE,HKG,11/4/24 12:30,Cutleries,75.34
11/04/24 14:15,UO903,Airbus A320,121,TPE,HKG,11/4/24 12:30,Food Waste (kg),10.74
11/04/24 13:44,UO903,Airbus A320,121,TPE,HKG,11/4/24 12:30,Food Waste (kg),10.19
11/04/24 13:35,UO903,Airbus A320,121,TPE,HKG,11/4/24 12:30,Food Waste (kg),3.07
11/04/24 12:38,UO903,Airbus A320,121,TPE,HKG,11/4/24 12:30,Food Waste (kg),1.41
11/04/24 13:49,UO903,Airbus A320,121,TPE,HKG,11/4/24 12:30,Food Waste (kg),13.41
11/04/24 13:30,UO903,Airbus A320,121,TPE,HKG,11/4/24 12:30,Food Waste (kg),8.24
11/04/24 12:49,UO903,Airbus A320,121,TPE,HKG,11/4/24 12:30,Food Waste (kg),4.74
11/04/24 13:18,UO903,Airbus A320,121,TPE,HKG,11/4/24 12:30,Food Waste (kg),24.52
11/04/24 14:06,UO903,Airbus A320,121,TPE,HKG,11/4/24 12:30,Food Waste (kg),28.68
11/04/24 13:40,UO903,Airbus A320,121,TPE,HKG,11/4/24 12:30,Liquid (L),2.87
11/04/24 13:30,UO903,Airbus A320,121,TPE,HKG,11/4/24 12:30,Liquid (L),10.73
11/04/24 13:08,UO903,Airbus A320,121,TPE,HKG,11/4/24 12:30,Liquid (L),3.53
11/04/24 12:32,UO903,Airbus A320,121,TPE,HKG,11/4/24 12:30,Liquid (L),10.85
11/04/24 13:11,UO903,Airbus A320,121,TPE,HKG,11/4/24 12:30,Liquid (L),29.02
11/04/24 14:17,UO903,Airbus A320,121,TPE,HKG,11/4/24 12:30,One-time Food Containers,5.64
11/04/24 13:16,UO903,Airbus A320,121,TPE,HKG,11/4/24 12:30,One-time Food Containers,8.97
11/04/24 14:30,UO903,Airbus A320,121,TPE,HKG,11/4/24 12:30,One-time Food Containers,8.38
11/04/24 14:25,UO903,Airbus A320,121,TPE,HKG,11/4/24 12:30,One-time Food Containers,12.73
11/04/24 13:35,UO903,Airbus A320,121,TPE,HKG,11/4/24 12:30,One-time Food Containers,20.28
11/04/24 13:31,UO903,Airbus A320,121,TPE,HKG,11/4/24 12:30,Aluminum Cans,4.17
11/04/24 12:39,UO903,Airbus A320,121,TPE,HKG,11/4/24 12:30,Aluminum Cans,4.61
11/04/24 12:55,UO903,Airbus A320,121,TPE,HKG,11/4/24 12:30,Aluminum Cans,2.92
11/04/24 13:18,UO903,Airbus A320,121,TPE,HKG,11/4/24 12:30,Aluminum Cans,2.12
11/04/24 13:17,UO903,Airbus A320,121,TPE,HKG,11/4/24 12:30,Aluminum Cans,5.51
11/04/24 14:05,UO903,Airbus A320,121,TPE,HKG,11/4/24 12:30,Aluminum Cans,1.13
11/04/24 13:17,UO903,Airbus A320,121,TPE,HKG,11/4/24 12:30,Aluminum Cans,5.1
11/04/24 14:06,UO903,Airbus A320,121,TPE,HKG,11/4/24 12:30,Aluminum Cans,15.43
11/04/24 14:30,UO903,Airbus A320,121,TPE,HKG,11/4/24 12:30,Non-recyclable Waste (kg),4.9
11/04/24 13:33,UO903,Airbus A320,121,TPE,HKG,11/4/24 12:30,Non-recyclable Waste (kg),1.47
11/04/24 13:40,UO903,Airbus A320,121,TPE,HKG,11/4/24 12:30,Non-recyclable Waste (kg),4.22
11/04/24 12:52,UO903,Airbus A320,121,TPE,HKG,11/4/24 12:30,Non-recyclable Waste (kg),9.78
11/04/24 13:28,UO903,Airbus A320,121,TPE,HKG,11/4/24 12:30,Non-recyclable Waste (kg),2.4
11/04/24 13:06,UO903,Airbus A320,121,TPE,HKG,11/4/24 12:30,Non-recyclable Waste (kg),18.03
11/04/24 13:44,UO903,Airbus A320,121,TPE,HKG,11/4/24 12:30,Non-recyclable Waste (kg),19.19
11/05/24 08:46,UO903,Airbus A320,146,HKG,TYO,11/5/24 8:00,Cups,73.25
11/05/24 09:21,UO903,Airbus A320,146,HKG,TYO,11/5/24 8:00,Cups,41.63
11/05/24 09:27,UO903,Airbus A320,146,HKG,TYO,11/5/24 8:00,Cups,28.48
11/05/24 09:35,UO903,Airbus A320,146,HKG,TYO,11/5/24 8:00,Cups,96.58
11/05/24 09:16,UO903,Airbus A320,146,HKG,TYO,11/5/24 8:00,Cups,17.86
11/05/24 09:17,UO903,Airbus A320,146,HKG,TYO,11/5/24 8:00,Cups,74.04
11/05/24 09:30,UO903,Airbus A320,146,HKG,TYO,11/5/24 8:00,Cups,228.16
11/05/24 08:06,UO903,Airbus A320,146,HKG,TYO,11/5/24 8:00,Cutleries,22.2
11/05/24 08:45,UO903,Airbus A320,146,HKG,TYO,11/5/24 8:00,Cutleries,3.9
11/05/24 08:52,UO903,Airbus A320,146,HKG,TYO,11/5/24 8:00,Cutleries,30.85
11/05/24 08:58,UO903,Airbus A320,146,HKG,TYO,11/5/24 8:00,Cutleries,40.73
11/05/24 08:22,UO903,Airbus A320,146,HKG,TYO,11/5/24 8:00,Cutleries,52.33
11/05/24 09:15,UO903,Airbus A320,146,HKG,TYO,11/5/24 8:00,Food Waste (kg),9.98
11/05/24 08:21,UO903,Airbus A320,146,HKG,TYO,11/5/24 8:00,Food Waste (kg),8.82
11/05/24 09:41,UO903,Airbus A320,146,HKG,TYO,11/5/24 8:00,Food Waste (kg),8.56
11/05/24 09:34,UO903,Airbus A320,146,HKG,TYO,11/5/24 8:00,Food Waste (kg),9.58
11/05/24 08:57,UO903,Airbus A320,146,HKG,TYO,11/5/24 8:00,Food Waste (kg),5.78
11/05/24 08:55,UO903,Airbus A320,146,HKG,TYO,11/5/24 8:00,Food Waste (kg),1.58
11/05/24 09:15,UO903,Airbus A320,146,HKG,TYO,11/5/24 8:00,Food Waste (kg),22.73
11/05/24 09:25,UO903,Airbus A320,146,HKG,TYO,11/5/24 8:00,Food Waste (kg),13.48
11/05/24 08:21,UO903,Airbus A320,146,HKG,TYO,11/5/24 8:00,Food Waste (kg),39.49
11/05/24 08:01,UO903,Airbus A320,146,HKG,TYO,11/5/24 8:00,Liquid (L),5.95
11/05/24 08:57,UO903,Airbus A320,146,HKG,TYO,11/5/24 8:00,Liquid (L),3.03
11/05/24 09:33,UO903,Airbus A320,146,HKG,TYO,11/5/24 8:00,Liquid (L),5.71
11/05/24 08:36,UO903,Airbus A320,146,HKG,TYO,11/5/24 8:00,Liquid (L),7.7
11/05/24 09:55,UO903,Airbus A320,146,HKG,TYO,11/5/24 8:00,Liquid (L),3.92
11/05/24 08:22,UO903,Airbus A320,146,HKG,TYO,11/5/24 8:00,Liquid (L),11.69
11/05/24 08:04,UO903,Airbus A320,146,HKG,TYO,11/5/24 8:00,One-time Food Containers,3.88
11/05/24 09:50,UO903,Airbus A320,146,HKG,TYO,11/5/24 8:00,One-time Food Containers,10.83
11/05/24 09:33,UO903,Airbus A320,146,HKG,TYO,11/5/24 8:00,One-time Food Containers,11.65
11/05/24 09:35,UO903,Airbus A320,146,HKG,TYO,11/5/24 8:00,One-time Food Containers,6.85
11/05/24 09:19,UO903,Airbus A320,146,HKG,TYO,11/5/24 8:00,One-time Food Containers,17.79
11/05/24 08:47,UO903,Airbus A320,146,HKG,TYO,11/5/24 8:00,Aluminum Cans,3.46
11/05/24 09:49,UO903,Airbus A320,146,HKG,TYO,11/5/24 8:00,Aluminum Cans,2.47
11/05/24 09:27,UO903,Airbus A320,146,HKG,TYO,11/5/24 8:00,Aluminum Cans,2.99
11/05/24 09:38,UO903,Airbus A320,146,HKG,TYO,11/5/24 8:00,Aluminum Cans,1.0
11/05/24 09:19,UO903,Airbus A320,146,HKG,TYO,11/5/24 8:00,Aluminum Cans,1.71
11/05/24 08:51,UO903,Airbus A320,146,HKG,TYO,11/5/24 8:00,Aluminum Cans,3.49
11/05/24 08:22,UO903,Airbus A320,146,HKG,TYO,11/5/24 8:00,Aluminum Cans,2.48
11/05/24 08:50,UO903,Airbus A320,146,HKG,TYO,11/5/24 8:00,Aluminum Cans,13.4
11/05/24 08:11,UO903,Airbus A320,146,HKG,TYO,11/5/24 8:00,Non-recyclable Waste (kg),3.07
11/05/24 08:27,UO903,Airbus A320,146,HKG,TYO,11/5/24 8:00,Non-recyclable Waste (kg),4.63
11/05/24 08:54,UO903,Airbus A320,146,HKG,TYO,11/5/24 8:00,Non-recyclable Waste (kg),2.86
11/05/24 08:36,UO903,Airbus A320,146,HKG,TYO,11/5/24 8:00,Non-recyclable Waste (kg),1.19
11/05/24 08:01,UO903,Airbus A320,146,HKG,TYO,11/5/24 8:00,Non-recyclable Waste (kg),2.74
11/05/24 09:15,UO903,Airbus A320,146,HKG,TYO,11/5/24 8:00,Non-recyclable Waste (kg),7.96
11/05/24 09:41,UO903,Airbus A320,146,HKG,TYO,11/5/24 8:00,Non-recyclable Waste (kg),8.96
11/05/24 08:40,UO903,Airbus A320,146,HKG,TYO,11/5/24 8:00,Non-recyclable Waste (kg),6.99
11/05/24 09:35,UO903,Airbus A320,146,HKG,TYO,11/5/24 8:00,Non-recyclable Waste (kg),10.43
11/05/24 09:26,UO903,Airbus A320,146,HKG,TYO,11/5/24 8:00,Non-recyclable Waste (kg),11.18
11/05/24 10:20,UO903,Airbus A320,157,TYO,TPE,11/5/24 9:30,Cups,49.43
11/05/24 09:55,UO903,Airbus A320,157,TYO,TPE,11/5/24 9:30,Cups,52.61
11/05/24 10:15,UO903,Airbus A320,157,TYO,TPE,11/5/24 9:30,Cups,67.95
11/05/24 09:55,UO903,Airbus A320,157,TYO,TPE,11/5/24 9:30,Cups,14.69
11/05/24 11:03,UO903,Airbus A320,157,TYO,TPE,11/5/24 9:30,Cups,10.7
11/05/24 10:09,UO903,Airbus A320,157,TYO,TPE,11/5/24 9:30,Cups,35.75
11/05/24 10:23,UO903,Airbus A320,157,TYO,TPE,11/5/24 9:30,Cups,328.87
11/05/24 10:44,UO903,Airbus A320,157,TYO,TPE,11/5/24 9:30,Cutleries,28.05
11/05/24 10:53,UO903,Airbus A320,157,TYO,TPE,11/5/24 9:30,Cutleries,1.8
11/05/24 09:55,UO903,Airbus A320,157,TYO,TPE,11/5/24 9:30,Cutleries,15.01
11/05/24 10:04,UO903,Airbus A320,157,TYO,TPE,11/5/24 9:30,Cutleries,32.42
11/05/24 09:49,UO903,Airbus A320,157,TYO,TPE,11/5/24 9:30,Cutleries,20.23
11/05/24 09:51,UO903,Airbus A320,157,TYO,TPE,11/5/24 9:30,Cutleries,4.0
11/05/24 11:12,UO903,Airbus A320,157,TYO,TPE,11/5/24 9:30,Cutleries,18.67
11/05/24 10:03,UO903,Airbus A320,157,TYO,TPE,11/5/24 9:30,Cutleries,52.85
11/05/24 11:04,UO903,Airbus A320,157,TYO,TPE,11/5/24 9:30,Cutleries,21.66
11/05/24 10:51,UO903,Airbus A320,157,TYO,TPE,11/5/24 9:30,Cutleries,105.3
11/05/24 09:55,UO903,Airbus A320,157,TYO,TPE,11/5/24 9:30,Food Waste (kg),7.19
11/05/24 10:43,UO903,Airbus A320,157,TYO,TPE,11/5/24 9:30,Food Waste (kg),1.84
11/05/24 09:31,UO903,Airbus A320,157,TYO,TPE,11/5/24 9:30,Food Waste (kg),12.48
11/05/24 11:17,UO903,Airbus A320,157,TYO,TPE,11/5/24 9:30,Food Waste (kg),6.63
11/05/24 11:27,UO903,Airbus A320,157,TYO,TPE,11/5/24 9:30,Food Waste (kg),7.12
11/05/24 10:19,UO903,Airbus A320,157,TYO,TPE,11/5/24 9:30,Food Waste (kg),16.56
11/05/24 10:12,UO903,Airbus A320,157,TYO,TPE,11/5/24 9:30,Food Waste (kg),5.49
11/05/24 09:59,UO903,Airbus A320,157,TYO,TPE,11/5/24 9:30,Food Waste (kg),34.63
11/05/24 10:01,UO903,Airbus A320,157,TYO,TPE,11/5/24 9:30,Food Waste (kg),38.06
11/05/24 10:58,UO903,Airbus A320,157,TYO,TPE,11/5/24 9:30,Liquid (L),3.26
11/05/24 11:10,UO903,Airbus A320,157,TYO,TPE,11/5/24 9:30,Liquid (L),9.33
11/05/24 09:53,UO903,Airbus A320,157,TYO,TPE,11/5/24 9:30,Liquid (L),4.66
11/05/24 09:40,UO903,Airbus A320,157,TYO,TPE,11/5/24 9:30,Liquid (L),7.71
11/05/24 10:14,UO903,Airbus A320,157,TYO,TPE,11/5/24 9:30,Liquid (L),10.39
11/05/24 10:49,UO903,Airbus A320,157,TYO,TPE,11/5/24 9:30,Liquid (L),15.68
11/05/24 09:53,UO903,Airbus A320,157,TYO,TPE,11/5/24 9:30,Liquid (L),16.98
11/05/24 10:33,UO903,Airbus A320,157,TYO,TPE,11/5/24 9:30,One-time Food Containers,3.53
11/05/24 11:21,UO903,Airbus A320,157,TYO,TPE,11/5/24 9:30,One-time Food Containers,3.33
11/05/24 10:09,UO903,Airbus A320,157,TYO,TPE,11/5/24 9:30,One-time Food Containers,2.96
11/05/24 11:07,UO903,Airbus A320,157,TYO,TPE,11/5/24 9:30,One-time Food Containers,3.35
11/05/24 09:31,UO903,Airbus A320,157,TYO,TPE,11/5/24 9:30,One-time Food Containers,5.81
11/05/24 10:21,UO903,Airbus A320,157,TYO,TPE,11/5/24 9:30,One-time Food Containers,2.73
11/05/24 10:31,UO903,Airbus A320,157,TYO,TPE,11/5/24 9:30,One-time Food Containers,1.1
11/05/24 10:09,UO903,Airbus A320,157,TYO,TPE,11/5/24 9:30,One-time Food Containers,18.18
11/05/24 10:57,UO903,Airbus A320,157,TYO,TPE,11/5/24 9:30,Aluminum Cans,2.13
11/05/24 10:53,UO903,Airbus A320,157,TYO,TPE,11/5/24 9:30,Aluminum Cans,2.51
11/05/24 09:38,UO903,Airbus A320,157,TYO,TPE,11/5/24 9:30,Aluminum Cans,1.6
11/05/24 11:20,UO903,Airbus A320,157,TYO,TPE,11/5/24 9:30,Aluminum Cans,1.87
11/05/24 10:07,UO903,Airbus A320,157,TYO,TPE,11/5/24 9:30,Aluminum Cans,2.55
11/05/24 10:34,UO903,Airbus A320,157,TYO,TPE,11/5/24 9:30,Aluminum Cans,1.11
11/05/24 09:53,UO903,Airbus A320,157,TYO,TPE,11/5/24 9:30,Aluminum Cans,1.43
11/05/24 11:15,UO903,Airbus A320,157,TYO,TPE,11/5/24 9:30,Aluminum Cans,7.82
11/05/24 09:42,UO903,Airbus A320,157,TYO,TPE,11/5/24 9:30,Non-recyclable Waste (kg),8.4
11/05/24 09:34,UO903,Airbus A320,157,TYO,TPE,11/5/24 9:30,Non-recyclable Waste (kg),4.09
11/05/24 10:31,UO903,Airbus A320,157,TYO,TPE,11/5/24 9:30,Non-recyclable Waste (kg),8.93
11/05/24 10:01,UO903,Airbus A320,157,TYO,TPE,11/5/24 9:30,Non-recyclable Waste (kg),6.97
11/05/24 10:02,UO903,Airbus A320,157,TYO,TPE,11/5/24 9:30,Non-recyclable Waste (kg),4.62
11/05/24 10:24,UO903,Airbus A320,157,TYO,TPE,11/5/24 9:30,Non-recyclable Waste (kg),3.96
11/05/24 09:33,UO903,Airbus A320,157,TYO,TPE,11/5/24 9:30,Non-recyclable Waste (kg),23.02
11/05/24 13:23,UO903,Airbus A320,172,TPE,HKG,11/5/24 12:30,Cups,20.06
11/05/24 12:47,UO903,Airbus A320,172,TPE,HKG,11/5/24 12:30,Cups,31.72
11/05/24 14:12,UO903,Airbus A320,172,TPE,HKG,11/5/24 12:30,Cups,7.42
11/05/24 13:51,UO903,Airbus A320,172,TPE,HKG,11/5/24 12:30,Cups,36.35
11/05/24 13:18,UO903,Airbus A320,172,TPE,HKG,11/5/24 12:30,Cups,58.31
11/05/24 13:59,UO903,Airbus A320,172,TPE,HKG,11/5/24 12:30,Cups,20.32
11/05/24 12:43,UO903,Airbus A320,172,TPE,HKG,11/5/24 12:30,Cups,72.46
11/05/24 13:33,UO903,Airbus A320,172,TPE,HKG,11/5/24 12:30,Cups,6.3
11/05/24 12:35,UO903,Airbus A320,172,TPE,HKG,11/5/24 12:30,Cups,79.06
11/05/24 12:45,UO903,Airbus A320,172,TPE,HKG,11/5/24 12:30,Cups,227.99
11/05/24 12:45,UO903,Airbus A320,172,TPE,HKG,11/5/24 12:30,Cutleries,14.62
11/05/24 14:25,UO903,Airbus A320,172,TPE,HKG,11/5/24 12:30,Cutleries,33.48
11/05/24 12:48,UO903,Airbus A320,172,TPE,HKG,11/5/24 12:30,Cutleries,12.86
11/05/24 13:37,UO903,Airbus A320,172,TPE,HKG,11/5/24 12:30,Cutleries,45.87
11/05/24 14:29,UO903,Airbus A320,172,TPE,HKG,11/5/24 12:30,Cutleries,16.82
11/05/24 13:00,UO903,Airbus A320,172,TPE,HKG,11/5/24 12:30,Cutleries,41.87
11/05/24 13:29,UO903,Airbus A320,172,TPE,HKG,11/5/24 12:30,Cutleries,104.48
11/05/24 14:17,UO903,Airbus A320,172,TPE,HKG,11/5/24 12:30,Food Waste (kg),13.89
11/05/24 13:57,UO903,Airbus A320,172,TPE,HKG,11/5/24 12:30,Food Waste (kg),11.45
11/05/24 14:07,UO903,Airbus A320,172,TPE,HKG,11/5/24 12:30,Food Waste (kg),22.17
11/05/24 14:10,UO903,Airbus A320,172,TPE,HKG,11/5/24 12:30,Food Waste (kg),18.29
11/05/24 13:27,UO903,Airbus A320,172,TPE,HKG,11/5/24 12:30,Food Waste (kg),22.5
11/05/24 13:19,UO903,Airbus A320,172,TPE,HKG,11/5/24 12:30,Food Waste (kg),66.7
11/05/24 13:26,UO903,Airbus A320,172,TPE,HKG,11/5/24 12:30,Liquid (L),6.01
11/05/24 13:43,UO903,Airbus A320,172,TPE,HKG,11/5/24 12:30,Liquid (L),4.65
11/05/24 13:26,UO903,Airbus A320,172,TPE,HKG,11/5/24 12:30,Liquid (L),7.53
11/05/24 13:20,UO903,Airbus A320,172,TPE,HKG,11/5/24 12:30,Liquid (L),7.26
11/05/24 13:54,UO903,Airbus A320,172,TPE,HKG,11/5/24 12:30,Liquid (L),9.54
11/05/24 12:47,UO903,Airbus A320,172,TPE,HKG,11/5/24 12:30,One-time Food Containers,1.48
11/05/24 14:27,UO903,Airbus A320,172,TPE,HKG,11/5/24 12:30,One-time Food Containers,3.13
11/05/24 12:36,UO903,Airbus A320,172,TPE,HKG,11/5/24 12:30,One-time Food Containers,5.41
11/05/24 12:48,UO903,Airbus A320,172,TPE,HKG,11/5/24 12:30,One-time Food Containers,2.19
11/05/24 12:30,UO903,Airbus A320,172,TPE,HKG,11/5/24 12:30,One-time Food Containers,5.03
11/05/24 12:39,UO903,Airbus A320,172,TPE,HKG,11/5/24 12:30,One-time Food Containers,13.76
11/05/24 14:24,UO903,Airbus A320,172,TPE,HKG,11/5/24 12:30,Aluminum Cans,2.85
11/05/24 14:21,UO903,Airbus A320,172,TPE,HKG,11/5/24 12:30,Aluminum Cans,2.8
11/05/24 13:14,UO903,Airbus A320,172,TPE,HKG,11/5/24 12:30,Aluminum Cans,2.85
11/05/24 12:36,UO903,Airbus A320,172,TPE,HKG,11/5/24 12:30,Aluminum Cans,2.55
11/05/24 12:50,UO903,Airbus A320,172,TPE,HKG,11/5/24 12:30,Aluminum Cans,1.37
11/05/24 14:00,UO903,Airbus A320,172,TPE,HKG,11/5/24 12:30,Aluminum Cans,1.29
11/05/24 13:40,UO903,Airbus A320,172,TPE,HKG,11/5/24 12:30,Aluminum Cans,7.29
11/05/24 14:30,UO903,Airbus A320,172,TPE,HKG,11/5/24 12:30,Non-recyclable Waste (kg),2.71
11/05/24 14:01,UO903,Airbus A320,172,TPE,HKG,11/5/24 12:30,Non-recyclable Waste (kg),1.37
11/05/24 14:05,UO903,Airbus A320,172,TPE,HKG,11/5/24 12:30,Non-recyclable Waste (kg),1.2
11/05/24 14:03,UO903,Airbus A320,172,TPE,HKG,11/5/24 12:30,Non-recyclable Waste (kg),3.55
11/05/24 13:20,UO903,Airbus A320,172,TPE,HKG,11/5/24 12:30,Non-recyclable Waste (kg),3.66
11/05/24 13:47,UO903,Airbus A320,172,TPE,HKG,11/5/24 12:30,Non-recyclable Waste (kg),10.48
11/05/24 14:28,UO903,Airbus A320,172,TPE,HKG,11/5/24 12:30,Non-recyclable Waste (kg),17.03
